file,note,waveform,accent,cutoff,resonance,envmod,decay,accent_knob,note_on_ms,gate_ms,tune_cents,set,id
vintage-stage3.wav,C2,saw,yes,25.197,0.0,50.394,50.394,0.0,1502.902,1300.0,0.0,3A,3A-1
vintage-stage3.wav,C2,saw,yes,25.197,0.0,50.394,50.394,25.197,4502.902,1300.0,0.0,3A,3A-2
vintage-stage3.wav,C2,saw,yes,25.197,0.0,50.394,50.394,50.394,7502.902,1300.0,0.0,3A,3A-3
vintage-stage3.wav,C2,saw,yes,25.197,0.0,50.394,50.394,74.803,10502.902,1300.0,0.0,3A,3A-4
vintage-stage3.wav,C2,saw,yes,25.197,50.394,50.394,50.394,0.0,13502.902,1300.0,0.0,3A,3A-5
vintage-stage3.wav,C2,saw,yes,25.197,50.394,50.394,50.394,25.197,16502.902,1300.0,0.0,3A,3A-6
vintage-stage3.wav,C2,saw,yes,25.197,50.394,50.394,50.394,50.394,19502.902,1300.0,0.0,3A,3A-7
vintage-stage3.wav,C2,saw,yes,25.197,50.394,50.394,50.394,74.803,22502.902,1300.0,0.0,3A,3A-8
vintage-stage3.wav,C2,saw,yes,25.197,50.394,50.394,50.394,100.0,25502.902,1300.0,0.0,3A,3A-9
vintage-stage3.wav,C2,saw,yes,25.197,100.0,50.394,50.394,0.0,28502.902,1300.0,0.0,3A,3A-10
vintage-stage3.wav,C2,saw,yes,25.197,100.0,50.394,50.394,25.197,31502.902,1300.0,0.0,3A,3A-11
vintage-stage3.wav,C2,saw,yes,25.197,100.0,50.394,50.394,50.394,34502.902,1300.0,0.0,3A,3A-12
vintage-stage3.wav,C2,saw,yes,25.197,100.0,50.394,50.394,74.803,37502.902,1300.0,0.0,3A,3A-13
vintage-stage3.wav,C2,saw,no,25.197,50.394,50.394,50.394,100.0,40502.902,1300.0,0.0,3A,3A-14
vintage-stage3.wav,C2,square,yes,50.394,74.803,50.394,50.394,100.0,43502.902,1300.0,0.0,3A,3A-15
vintage-stage3.wav,C2,square,no,0.0,0.0,0.0,0.0,0.0,46502.902,1300.0,0.0,3B,3B-1
vintage-stage3.wav,C2,square,no,0.0,100.0,0.0,0.0,0.0,49502.902,1300.0,0.0,3B,3B-2
vintage-stage3.wav,C2,square,no,50.394,100.0,0.0,0.0,0.0,52502.902,1300.0,0.0,3B,3B-3
vintage-stage3.wav,C2,square,no,100.0,0.0,0.0,0.0,0.0,55502.902,1300.0,0.0,3B,3B-4
vintage-stage3.wav,C2,square,no,100.0,100.0,0.0,0.0,0.0,58502.902,1300.0,0.0,3B,3B-5
vintage-stage3.wav,C1,saw,no,100.0,0.0,0.0,0.0,0.0,61502.902,1300.0,0.0,3C,3C-1
vintage-stage3.wav,C3,saw,no,100.0,0.0,0.0,0.0,0.0,64502.902,1300.0,0.0,3C,3C-2
vintage-stage3.wav,C4,saw,no,100.0,0.0,0.0,0.0,0.0,67502.902,1300.0,0.0,3C,3C-3
vintage-stage3.wav,C1,square,no,100.0,0.0,0.0,0.0,0.0,70502.902,1300.0,0.0,3C,3C-4
vintage-stage3.wav,C3,square,no,100.0,0.0,0.0,0.0,0.0,73502.902,1300.0,0.0,3C,3C-5
vintage-stage3.wav,C4,square,no,100.0,0.0,0.0,0.0,0.0,76502.902,1300.0,0.0,3C,3C-6
vintage-stage3.wav,C2,saw,no,50.394,0.0,0.0,0.0,100.0,79502.902,30.0,0.0,3D,3D-1
vintage-stage3.wav,C2,saw,no,50.394,0.0,0.0,0.0,100.0,82502.902,60.0,0.0,3D,3D-2
vintage-stage3.wav,C2,saw,no,50.394,0.0,0.0,0.0,100.0,85502.902,120.0,0.0,3D,3D-3
vintage-stage3.wav,C2,saw,no,50.394,0.0,0.0,0.0,100.0,88502.902,250.0,0.0,3D,3D-4
vintage-stage3.wav,C2,saw,yes,50.394,0.0,0.0,0.0,100.0,91502.902,30.0,0.0,3D,3D-5
vintage-stage3.wav,C2,saw,yes,50.394,0.0,0.0,0.0,100.0,94502.902,60.0,0.0,3D,3D-6
vintage-stage3.wav,C2,saw,yes,50.394,0.0,0.0,0.0,100.0,97502.902,120.0,0.0,3D,3D-7
vintage-stage3.wav,C2,saw,yes,50.394,0.0,0.0,0.0,100.0,100502.902,250.0,0.0,3D,3D-8
vintage-stage3.wav,C2,saw,yes,50.394,0.0,0.0,0.0,100.0,103502.902,4000.0,0.0,3D,3D-9
vintage-stage3.wav,C2,saw,no,50.394,50.394,0.0,0.0,0.0,109202.902,1300.0,0.0,3R,3R-1
