# Minimum reference sheet (40 notes). See docs/CALIBRATION_COOKBOOK.md, section 2.
# Copy next to your WAVs, rename SRC- to your source id, then fill in note_on_ms
# (ms from the start of each file to the note-on), gate_ms if it is not the same
# for every note (or pass --gate-ms), and evidence (video time / photo / patch
# memory) for every knob reading you are unsure of. Knobs are PERCENT of travel.
# accent = was this an accented step; accent_knob only matters on accented steps.
file,note,waveform,accent,cutoff,resonance,envmod,decay,accent_knob,note_on_ms,gate_ms,tune_cents,set,evidence
SRC-M1.wav,C2,saw,no,0,100,0,0,0,,,,M1-cutoff-reso100,
SRC-M1.wav,C2,saw,no,25,100,0,0,0,,,,M1-cutoff-reso100,
SRC-M1.wav,C2,saw,no,50,100,0,0,0,,,,M1-cutoff-reso100,
SRC-M1.wav,C2,saw,no,75,100,0,0,0,,,,M1-cutoff-reso100,
SRC-M1.wav,C2,saw,no,100,100,0,0,0,,,,M1-cutoff-reso100,
SRC-M2.wav,C2,saw,no,0,0,0,0,0,,,,M2-cutoff-reso0,
SRC-M2.wav,C2,saw,no,25,0,0,0,0,,,,M2-cutoff-reso0,
SRC-M2.wav,C2,saw,no,50,0,0,0,0,,,,M2-cutoff-reso0,
SRC-M2.wav,C2,saw,no,75,0,0,0,0,,,,M2-cutoff-reso0,
SRC-M2.wav,C2,saw,no,100,0,0,0,0,,,,M2-cutoff-reso0,
SRC-M3.wav,C2,saw,no,50,0,0,0,0,,,,M3-resonance,
SRC-M3.wav,C2,saw,no,50,25,0,0,0,,,,M3-resonance,
SRC-M3.wav,C2,saw,no,50,50,0,0,0,,,,M3-resonance,
SRC-M3.wav,C2,saw,no,50,75,0,0,0,,,,M3-resonance,
SRC-M3.wav,C2,saw,no,50,100,0,0,0,,,,M3-resonance,
SRC-M4.wav,C2,saw,no,25,75,0,50,0,,,,M4-envmod,
SRC-M4.wav,C2,saw,no,25,75,25,50,0,,,,M4-envmod,
SRC-M4.wav,C2,saw,no,25,75,50,50,0,,,,M4-envmod,
SRC-M4.wav,C2,saw,no,25,75,75,50,0,,,,M4-envmod,
SRC-M4.wav,C2,saw,no,25,75,100,50,0,,,,M4-envmod,
SRC-M5.wav,C2,saw,no,25,75,75,0,0,,,,M5-decay,
SRC-M5.wav,C2,saw,no,25,75,75,25,0,,,,M5-decay,
SRC-M5.wav,C2,saw,no,25,75,75,50,0,,,,M5-decay,
SRC-M5.wav,C2,saw,no,25,75,75,75,0,,,,M5-decay,
SRC-M5.wav,C2,saw,no,25,75,75,100,0,,,,M5-decay,
SRC-M6.wav,C2,saw,yes,25,75,50,0,0,,,,M6-accent,
SRC-M6.wav,C2,saw,yes,25,75,50,0,25,,,,M6-accent,
SRC-M6.wav,C2,saw,yes,25,75,50,0,50,,,,M6-accent,
SRC-M6.wav,C2,saw,yes,25,75,50,0,75,,,,M6-accent,
SRC-M6.wav,C2,saw,yes,25,75,50,0,100,,,,M6-accent,
SRC-M6.wav,C2,saw,no,25,75,50,0,50,,,,M6-accent,
SRC-M7.wav,C2,square,no,0,0,0,0,0,,,,M7-square,
SRC-M7.wav,C2,square,no,50,0,0,0,0,,,,M7-square,
SRC-M7.wav,C2,square,no,100,0,0,0,0,,,,M7-square,
SRC-M7.wav,C2,square,yes,50,75,50,0,100,,,,M7-square,
SRC-M8.wav,C2,saw,no,50,75,25,25,0,,,,M8-keytrack,
SRC-M8.wav,C3,saw,no,50,75,25,25,0,,,,M8-keytrack,
SRC-M8.wav,C4,saw,no,50,75,25,25,0,,,,M8-keytrack,
SRC-M9.wav,C2,saw,no,50,50,0,0,0,,,,M9-repeat,
SRC-M9.wav,C2,saw,yes,50,50,0,0,50,,,,M9-repeat,
